{"cameraMode":{"drawMode":0,"name":"Shaded","section":"Shading Mode"},"sceneLighting":true,"audioPlay":false,"sceneViewState":{"showFog":true,"showMaterialUpdate":false,"showSkybox":true,"showFlares":true,"showImageEffects":true,"showParticleSystems":true},"in2DMode":false,"pivot":{"x":0.2177724838256836,"y":2.8389806747436525,"z":-2.2197351455688478},"rotation":{"x":0.22602123022079469,"y":0.6238843202590942,"z":-0.1952553242444992,"w":0.7221921682357788},"size":10.181307792663575,"orthographic":false}