{"cameraMode":{"drawMode":0,"name":"Shaded","section":"Shading Mode"},"sceneLighting":true,"audioPlay":false,"sceneViewState":{"showFog":true,"showMaterialUpdate":false,"showSkybox":true,"showFlares":true,"showImageEffects":true,"showParticleSystems":true},"in2DMode":false,"pivot":{"x":-4.706293106079102,"y":12.145965576171875,"z":-4.427584171295166},"rotation":{"x":-0.006162273231893778,"y":-0.992882490158081,"z":-0.10313202440738678,"w":0.059340521693229678},"size":29.6328067779541,"orthographic":false}